Lat,Lon,Elev.(meters)
-33.67,116.3,236.000
-32.8,116.82,263.000
-33.16,116,295.000
-33.61,115.04,212.000
-34,116.32,272.000
-33.94,115.16,85.000
-32.23,116.46,280.000
-33.61,116.34,235.000
-31.6,115.56,-32768.000
-31.57,115.3,-32768.000
-32.92,115.56,-32768.000
-31.75,115.02,-32768.000
-31.51,115.98,87.000
-33.13,116.66,307.000
-33.04,115.76,34.000
-33.94,116.34,233.000
-32.26,115.86,11.000
-31.21,115.86,253.000
-32.65,116.74,292.000
-32.44,115.1,-32768.000
-33.58,115.9,134.000
-33.46,116.1,297.000
-33.34,116.48,343.000
-33.94,115.64,123.000
-32.59,115.02,-32768.000
-33.13,116.68,366.000
-31.45,116.68,216.000
-33.04,115.08,-32768.000
-31.36,116.34,364.000
-33.85,116.24,276.000
-33.16,115.38,-32768.000
-32.11,115.16,-32768.000
-32.47,116.72,343.000
-31.84,116.1,254.000
-32.17,116.92,246.000
-32.8,115.48,-32768.000
-31.6,116.52,144.000
-32.53,116.16,269.000
-31.27,115.02,-32768.000
-33.94,116.02,118.000
-32.98,115.76,26.000
-33.37,115.64,4.000
-32.92,115.38,-32768.000
-31.39,116.08,202.000
-33.55,115.46,-32768.000
-32.71,116.86,336.000
-34,115.88,331.000
-33.13,115.1,-32768.000
-32.17,116.02,111.000
-32.59,115.02,-32768.000
-33.25,115.44,-32768.000
-31.06,116.76,273.000
-32.62,115.08,-32768.000
-33.85,115.94,267.000
-31.03,115.72,82.000
-31.78,115.16,-32768.000
-32.8,115.66,9.000
-32.44,116.9,302.000
-32.53,116.54,364.000
-34,115.78,145.000
-33.07,116.28,324.000
-33.79,115.86,245.000
-32.53,115.62,-32768.000
-31.51,115.74,49.000
-32.86,115.18,-32768.000
-33.07,115.58,-32768.000
-33.52,116.28,207.000
-31.93,115.56,-32768.000
-31.72,116.24,269.000
-31.06,116.5,278.000
-31.51,116.48,246.000
-33.82,116.42,204.000
-32.02,115.46,10.000
-31,116.18,246.000
-31.06,115.28,-32768.000
-31.63,115,-32768.000
-32.68,115.58,-32768.000
-32.2,116.72,265.000
-33.31,116.86,310.000
-33.97,115.84,276.000
-31.84,116.24,255.000
-33.25,115.64,-32768.000
-32.17,116.76,298.000
-32.53,116.88,320.000
-31.96,115.72,-32768.000
-33.73,115.94,156.000
-33.49,116.02,225.000
-31.75,115.32,-32768.000
-31.72,116.68,199.000
-31.06,116.5,278.000
-31.75,116.48,295.000
-33.94,116.52,256.000
-32.14,115.36,-32768.000
-33.7,116.26,283.000
-33.88,116.7,240.000
-32.62,115.24,-32768.000
-32.68,116.52,254.000
-32.08,116.44,246.000
-32.02,115.1,-32768.000
-32.77,115.26,-32768.000
-32.2,115.68,7.000
-31.45,116.02,190.000
-31.96,116.56,333.000
-32.17,116.18,274.000
-33.01,115.86,20.000
-33.52,116.16,270.000
-32.98,115.16,-32768.000
-33.22,115.38,-32768.000
-31.54,116.92,258.000
-31.57,115.74,50.000
-32.5,116.74,339.000
-32.11,115.54,-32768.000
-31,116.9,290.000
-31,115.52,61.000
-32.83,116.3,338.000
-31.03,115.82,205.000
-31.24,117,266.000
-31.69,116.68,254.000
-32.74,116.18,318.000
-33.97,115.74,114.000
-31.12,116.52,279.000
-31.48,115.36,-32768.000
-32.89,115.58,-32768.000
-33.25,115.2,-32768.000
-32.56,115.38,-32768.000
-33.85,115.12,139.000
-32.98,116.96,326.000
-31.24,116.36,308.000
-31.18,115.66,64.000
-31.03,116.82,302.000
-33.07,115.66,-32768.000
-33.04,116.94,319.000
-31.6,115.46,-32768.000
-31.54,115.16,-32768.000
-32.62,115.44,-32768.000
-31.06,116.68,240.000
-33.94,115.82,263.000
-31.9,116.62,346.000
-31.24,115.8,54.000
-32.23,116.92,223.000
-33.97,115.78,91.000
-32.92,116.28,264.000
-33.04,115.7,0.000
-31.93,115.54,-32768.000
-33.46,115.5,-32768.000
-32.23,116.34,344.000
-32.08,116,24.000
-31.78,116.82,257.000
-31,115.86,144.000
-32.02,116.12,254.000
-32.83,115.9,22.000
-31.39,116.26,327.000
-32.68,115.84,15.000
-31.54,116.12,113.000
-32.47,115.7,-32768.000
-31.75,115.82,80.000
-33.85,116.06,323.000
-31.33,115.2,-32768.000
-32.86,115.74,9.000
-32.11,116.14,293.000
-33.31,116.14,237.000
-33.79,115.42,164.000
-33.64,116.74,220.000
-33.1,116.62,264.000
-32.92,115.24,-32768.000
-32.26,116.92,257.000
-32.23,116.52,355.000
-33.49,115.88,256.000
-34,115.06,70.000
-32.86,117,362.000
-32.77,116.04,304.000
-33.85,115.26,150.000
-33.31,115.92,146.000
-31.48,116.88,250.000
-32.5,116.24,367.000
-33.46,115.92,236.000
-31.96,116.48,299.000
-32.17,115.5,-32768.000
-33.82,116.62,263.000
-31.18,116.84,308.000
-31.39,115.84,72.000
-33.46,116.04,211.000
-31.12,115.92,169.000
-32.53,115.72,-32768.000
-32.95,116.94,286.000
-32.53,116.76,377.000
-34,116.54,289.000
-33.34,116.08,176.000
-32.59,115.48,-32768.000
-31.42,115.1,-32768.000
-32.44,116.96,302.000
-31.84,115.06,-32768.000
-33.13,115.4,-32768.000
-34,115.64,67.000
-33.31,115.7,3.000
-31.66,116.9,211.000
-32.62,115.2,-32768.000
-32.29,116.92,258.000
-33.07,115.84,25.000
-32.86,115.1,-32768.000
-31.18,116.34,290.000
-32.71,116.76,325.000
-32.74,116.88,317.000
-33.49,116.32,265.000
-31.84,116.8,187.000
-31.39,115.06,-32768.000
-33.79,115.48,160.000
-32.68,116.16,300.000
-31.27,115.74,49.000
-31.84,115.9,35.000
-32.83,115.28,-32768.000
-33.28,116,233.000
-32.62,116.7,327.000
-33.22,116.62,331.000
-31.39,116.56,255.000
-32.68,116.3,335.000
-32.41,116.6,300.000
-31.78,116.76,171.000
-32.41,116.9,312.000
-31.48,116.84,242.000
-31.15,115.5,57.000
-32.53,116.42,316.000
-33.16,115.02,-32768.000
-32.86,116.86,307.000
-32.89,115.38,-32768.000
-33.01,115.2,-32768.000
-32.17,116.54,308.000
-32.17,116.16,219.000
-32.83,115.12,-32768.000
-31.48,116.76,193.000
-32.41,115.5,-32768.000
-33.88,115.56,147.000
-33.55,115.1,-32768.000
-31,116.58,283.000
-31.9,116.38,247.000
-31.18,116.68,223.000
-32.38,116.28,364.000
-32.02,115.84,15.000
-32.95,116.66,297.000
-33.97,115.08,98.000
-33.58,116.46,242.000
-32.53,115.7,15.000
-31.21,116.52,292.000
-31.54,115.2,-32768.000
-31.06,115.62,77.000
-32.29,116.32,271.000
-31.18,116.02,173.000
-32.32,116.24,385.000
-32.8,115.18,-32768.000
-31.66,116.12,91.000
-32.83,115.18,-32768.000
-31.81,116.44,334.000
-33.58,116.88,270.000
-31.72,115.78,22.000
-32.71,115.98,206.000
-33.37,116.56,320.000
-33.64,116.14,280.000
-33.04,116.4,290.000
-31.6,115.1,-32768.000
-32.89,115.28,-32768.000
-31.57,116.56,213.000
-33.16,116.88,320.000
-32.35,116.5,312.000
-31.48,116.7,188.000
-32.8,116.9,304.000
-33.91,116.24,290.000
-32.98,116.6,316.000
-31.81,116.54,275.000
-33.55,115.96,178.000
-31.09,115.98,176.000
-33.22,116.16,298.000
-33.55,115.34,-32768.000
-31.36,115.78,60.000
-32.68,115.96,92.000
-32.11,116.36,251.000
-32.62,116.62,304.000
-31.78,115.86,50.000
-33.49,116.48,294.000
-32.23,115.58,-32768.000
-33.31,115.02,-32768.000
-32.11,117,290.000
-31.63,115.54,-32768.000
-33.91,116.94,322.000
-32.68,116.04,323.000
-34,115.38,120.000
-31.66,115.82,46.000
-32.23,115.54,-32768.000
-32.02,116.88,261.000
-32.77,115.92,38.000
-33.58,115.18,-32768.000
-31.27,115.06,-32768.000
-32.59,116.2,307.000
-32.98,116.28,280.000
-31.21,116.28,344.000
-32.02,116.86,246.000
-31.24,115.32,-32768.000
-32.71,115.56,-32768.000
-33.25,116.42,264.000
-33.34,115.94,269.000
-31.99,116.4,292.000
-33.7,115.46,30.000
-32.5,115.88,20.000
-32.89,116.4,253.000
-33.55,115.3,-32768.000
-33.25,116.58,335.000
-31.51,115.6,9.000
-31.3,115.3,-32768.000
-31.6,115.58,-32768.000
-31.18,115.46,61.000
-33.55,116.46,271.000
-31.33,116.18,284.000
-31.36,115.12,-32768.000
-31.66,115.64,-32768.000
-31.6,115.26,-32768.000
-31.51,117,249.000
-33.34,115.92,159.000
-31.27,116.88,297.000
-32.11,116.44,334.000
-31.36,115.56,27.000
-33.82,116.58,264.000
-33.76,115.24,42.000
-33.16,116.8,260.000
-33.43,116.96,276.000
-33.37,115.14,-32768.000
-31.6,115.24,-32768.000
-31.84,115.72,-32768.000
-32.71,116.38,323.000
-34,116.2,188.000
-31.81,115.4,-32768.000
-33.4,116.6,305.000
-33.22,116.1,299.000
-32.53,115.84,14.000
-33.58,115.32,-32768.000
-32.68,115.22,-32768.000
-31.3,115.04,-32768.000
-33.58,116.02,311.000
-32.8,116.98,329.000
-31.12,115.84,160.000
-32.5,116.18,237.000
-31.84,115.32,-32768.000
-32.41,115.58,-32768.000
-31.06,115.88,153.000
-33.91,116.94,322.000
-33.52,116.96,247.000
-31.66,116.54,300.000
-33.04,115.74,10.000
-31.63,115.06,-32768.000
-33.43,116.62,306.000
-31.24,116.88,328.000
-31.12,116.28,326.000
-33.58,116.64,266.000
-31.6,115.2,-32768.000
-32.41,116.1,264.000
-33.61,116.52,241.000
-31.21,115.04,-32768.000
-33.07,116.7,284.000
-33.13,115.9,143.000
-32.74,115.58,-32768.000
-33.19,115.64,-32768.000
-33.73,116.16,277.000
-31.12,115.08,-32768.000
-33.76,115.82,191.000
-33.37,116.48,337.000
-31.96,115.56,-32768.000
-31.24,115.24,-32768.000
-31.15,116.28,343.000
-31.78,115.12,-32768.000
-32.17,116.48,322.000
-32.53,115.52,-32768.000
-33.13,116.48,313.000
-32.23,115.82,36.000
-31.39,116.22,290.000
-31.3,116.78,223.000
-33.37,115.56,-32768.000
-31.39,115.34,-32768.000
-33.34,115.6,-32768.000
-31.87,116.64,368.000
-32.32,115.6,-32768.000
-32.26,116.84,274.000
-33.88,115.48,179.000
-31.36,116,173.000
-32.29,116.98,241.000
-31.81,116.24,224.000
-31.33,115.34,-32768.000
-31.24,115.44,36.000
-32.08,115.34,-32768.000
-31.66,116.02,37.000
-32.83,116.02,291.000
-31.63,116.36,297.000
-31.45,116.2,307.000
-31.3,116.32,367.000
-32.56,115.12,-32768.000
-32.92,116.22,338.000
-32.44,115.08,-32768.000
-33.16,116.9,354.000
-32.65,116.14,297.000
-32.32,115.32,-32768.000
-31.66,115.02,-32768.000
-33.43,115.56,-32768.000
-32.47,116.32,349.000
-31.48,115.2,-32768.000
-32.14,115.28,-32768.000
-32.05,116.22,338.000
-33.13,115,-32768.000
-32.17,115.88,35.000
-33.73,115.26,28.000
-33.43,116.02,176.000
-33.67,116.16,285.000
-32.11,116.12,270.000
-32.47,116.28,321.000
-33.4,116.84,235.000
-33.79,116.92,264.000
-31.06,116.54,282.000
-33.85,116.72,275.000
-32.44,115.32,-32768.000
-33.19,116.12,273.000
-31.9,115.7,-32768.000
-31.09,116.78,256.000
-31.3,115.68,52.000
-31.63,115.5,-32768.000
-32.83,116,287.000
-33.97,116.78,309.000
-32.62,116.16,315.000
-33.58,115.24,-32768.000
-31.69,115.16,-32768.000
-31,116.32,260.000
-32.14,116.94,206.000
-31.78,115.14,-32768.000
-31.21,116.18,293.000
-31.72,116.58,184.000
-32.98,115.88,25.000
-31.6,115.06,-32768.000
-31.24,115.08,-32768.000
-32.83,116.52,257.000
-33.97,116.64,247.000
-33.04,115.34,-32768.000
-33.85,115.8,183.000
-31.03,115.66,79.000
-32.62,116.04,269.000
-32.2,115.24,-32768.000
-31.63,115.44,-32768.000
-33.43,116.2,213.000
-31.99,115.8,19.000
-31.03,116.86,333.000
-31.84,116.2,298.000
-33.88,116.5,260.000
-31.66,115.1,-32768.000
-33.7,116.68,214.000
-32.2,116.4,283.000
-32.47,115.98,65.000
-32.02,116.22,298.000
-34,116.68,280.000
-33.52,116.44,253.000
-33.31,117,261.000
-33.64,116.26,261.000
-31.45,116.68,216.000
-32.71,116.82,267.000
-33.1,115.08,-32768.000
-31.09,115.2,-32768.000
-31.9,115.56,-32768.000
-33.91,116.38,205.000
-31.75,116.48,295.000
-32.26,116.62,254.000
-32.5,116.7,329.000
-33.01,115.34,-32768.000
-31.66,115.02,-32768.000
-31.42,117,263.000
-31.84,116.58,341.000
-31.66,115.04,-32768.000
-32.05,116.9,299.000
-31.63,116.82,213.000
-31.57,116,57.000
-32.38,115.44,-32768.000
-33.04,115.2,-32768.000
-32.83,116.02,291.000
-33.43,115.04,-32768.000
-31.69,115.84,73.000
-33.34,116.88,279.000
-31.63,115.68,28.000
-32.47,116.46,341.000
-31.75,115.24,-32768.000
-33.67,115.58,53.000
-33.76,116.2,269.000
-32.14,116.68,257.000
-31.63,116.74,201.000
-31.69,115.52,-32768.000
-31.69,116.14,258.000
-31.63,116.14,229.000
-31.99,115.6,-32768.000
-31.57,115.22,-32768.000
-33.61,115.1,17.000
-32.56,115,-32768.000
-31.18,116.8,263.000
-33.28,116.4,288.000
-32.71,116.44,326.000
-31.48,116.5,223.000
-33.88,115.36,142.000
-31.66,116.92,243.000
-31.6,115.24,-32768.000
-31.03,115.78,168.000
-32.02,116.16,343.000
-33.55,116.52,262.000
-33.04,115.84,27.000
-31.81,116.88,253.000
-33.85,117,272.000
-33.85,116.06,323.000
-32.41,115.36,-32768.000
-33.76,116.06,187.000
-33.31,115.94,287.000
-33.43,115.64,24.000
-33.79,116.32,254.000
-31.48,115.06,-32768.000
-31.03,115.22,-32768.000
-33.28,116.24,260.000
-33.97,116.58,218.000
-32.92,115.46,-32768.000
-31.03,116.34,233.000
-33.73,116.02,279.000
-32.65,115.62,4.000
-33.1,116.66,265.000
-32.95,116.02,361.000
-31.93,115.7,-32768.000
-31.36,116.78,196.000
-32.92,116.56,270.000
-33.73,115.2,46.000
-31.69,116.12,128.000
-32.23,115.34,-32768.000
-33.16,116.22,239.000
-33.34,116.16,230.000
-32.92,116.06,332.000
-31.72,115.46,-32768.000
-31.27,116.46,239.000
-33.28,116.5,295.000
-33.85,115,52.000
-31.51,116.38,264.000
-33.43,115.72,30.000
-31.87,115.36,-32768.000
-33.79,116.78,259.000
-31.99,116.18,258.000
-31.9,115.86,27.000
-31.03,116.52,307.000
-31.21,115.94,223.000
-33.79,116.16,291.000
-33.55,115.42,-32768.000
-31.78,115.58,-32768.000
-32.41,116.02,259.000
-33.31,116,251.000
-33.28,115.86,233.000
-32.68,115.96,92.000
-33.52,115.6,19.000
-32.02,115.52,-32768.000
-32.68,115.72,10.000
-33.25,115.74,10.000
-31.09,116.02,181.000
-31.15,116.84,282.000
-31.96,116.32,187.000
-33.61,116.88,237.000
-32.47,116.22,498.000
-31.51,115.4,-32768.000
-32.5,116.34,351.000
-33.46,116.12,277.000
-33.82,115.04,92.000
-32.62,115.84,9.000
-31.3,115.62,24.000
-32.17,116.8,209.000
-33.52,115.12,-32768.000
-32.74,115.54,-32768.000
-32.08,116.22,317.000
-33.64,116.36,266.000
-32.2,116.2,317.000
-33.22,115.12,-32768.000
-34,115.54,130.000
-31.36,115.78,60.000
-32.2,116.04,137.000
-33.46,116.42,261.000
-33.19,115.2,-32768.000
-33.61,115.72,113.000
-31.66,115.66,-32768.000
-32.08,116.2,312.000
-32.53,116.34,311.000
-31.81,115.5,-32768.000
-32.44,116.32,394.000
-33.22,115.3,-32768.000
-31.48,115.3,-32768.000
-31.72,115.76,48.000
-32.65,115.86,9.000
-31.9,115.04,-32768.000
-32.74,115.92,34.000
-31.06,116.16,271.000
-33.16,115.02,-32768.000
-33.64,115.32,-32768.000
-32.44,116.12,240.000
-31.33,115.5,30.000
-31.45,115.6,46.000
-31.06,116.06,256.000
-31.66,115.68,-32768.000
-31,116.4,275.000
-31.42,115.6,65.000
-32.65,115.52,-32768.000
-32.05,116.38,302.000
-33.64,115.42,6.000
-33.31,115.2,-32768.000
-32.32,116.66,246.000
-32.77,116.32,344.000
-31.96,116.06,254.000
-31.93,116.4,280.000
-33.25,116.6,354.000
-33.88,115.42,153.000
-32.47,115.26,-32768.000
-31.99,116.78,217.000
-33.31,115.96,281.000
-33.46,115.88,279.000
-31.78,115.44,-32768.000
-32.53,115.08,-32768.000
-31.78,115.38,-32768.000
-32.77,115.26,-32768.000
-33.31,116.72,337.000
-31.93,116.3,230.000
-33.1,116.6,363.000
-33.04,115.18,-32768.000
-31.63,116.96,235.000
-31.69,115.02,-32768.000
-33.31,115.06,-32768.000
-33.49,116.64,283.000
-31.87,116.5,271.000
-33.34,116.68,344.000
-33.16,116.88,320.000
-33.52,115.82,133.000
-32.65,115.04,-32768.000
-33.37,116.3,244.000
-31.63,115.38,-32768.000
-33.85,116.26,270.000
-33.19,115.04,-32768.000
-31.54,116.48,159.000
-31.51,116.14,274.000
-32.38,115.28,-32768.000
-33.55,116.22,256.000
-32.05,115.62,-32768.000
-33.64,115.78,87.000
-33.61,116.66,287.000
-32.02,116.66,276.000
-31.69,115.72,39.000
-31.69,116.9,186.000
-31.09,116.86,274.000
-32.26,115.44,-32768.000
-32.74,115.36,-32768.000
-31.57,115.72,54.000
-32.86,115.94,51.000
-33.4,115.14,-32768.000
-32.08,115.4,-32768.000
-32.98,115.04,-32768.000
-32.08,115.36,-32768.000
-32.5,116,228.000
-31.33,115.56,26.000
-33.67,116.26,249.000
-32.62,115.02,-32768.000
-32.89,116.56,315.000
-31.84,115.44,-32768.000
-33.58,115.28,-32768.000
-32.89,116.38,268.000
-31.39,116.44,234.000
-33.76,116.58,253.000
-33.25,116.34,236.000
-31.78,115.94,65.000
-31.99,115.9,23.000
-32.59,115.76,-32768.000
-32.29,115,-32768.000
-32.5,115.22,-32768.000
-32.83,115.14,-32768.000
-31.9,115.78,55.000
-32.8,116.02,267.000
-33.16,115.3,-32768.000
-32.86,116.56,327.000
-31.21,117,269.000
-31.93,116.04,79.000
-33.28,115.58,-32768.000
-33.79,116.1,269.000
-33.37,115.64,4.000
-31.63,115.64,-32768.000
-31.66,116.92,243.000
-32.98,115.92,55.000
-32.62,115.5,-32768.000
-32.92,116.84,352.000
-31.03,116.94,296.000
-32.95,116.52,281.000
-33.22,116.38,272.000
-31.45,116.52,259.000
-32.41,116.08,254.000
-32.38,115.44,-32768.000
-31.75,115.92,81.000
-31.75,115.44,-32768.000
-31.69,117,213.000
-33.04,116.66,289.000
-33.55,116.98,248.000
-31.15,115.22,-32768.000
-32.29,116.86,267.000
-33.49,115.58,23.000
-33.4,115.04,-32768.000
-31.03,116.06,212.000
-33.16,115.38,-32768.000
-31.33,115.68,31.000
-33.73,116.1,258.000
-33.76,116.46,222.000
-31.12,116.26,289.000
-33.76,116.26,278.000
-31.42,116.42,262.000
-31.9,116.68,286.000
-32.02,116.26,261.000
-32.17,115.02,-32768.000
-33.61,116.62,271.000
-31.78,116.12,296.000
-31.45,116.4,225.000
-31.81,116.82,184.000
-32.68,115.08,-32768.000
-33.28,116.44,326.000
-33.85,116.46,301.000
-33.19,115.24,-32768.000
-31.45,115.28,-32768.000
-31.69,115.72,39.000
-31.03,116.62,327.000
-32.47,116.7,339.000
-31.96,116.68,373.000
-32.62,115.4,-32768.000
-33.34,115.68,8.000
-33.58,115.14,-32768.000
-32.11,115.7,-32768.000
-33.85,116.78,259.000
-31.6,115.96,70.000
-32.41,116.56,311.000
-32.53,115.46,-32768.000
-31.09,116.54,293.000
-31.33,116.08,181.000
-31.93,115.46,-32768.000
-32.23,116.48,312.000
-32.35,115.9,16.000
-33.13,116.16,327.000
-32.77,115.1,-32768.000
-33.22,116.96,299.000
-33.07,116.76,309.000
-31.15,115.98,175.000
-31.45,115.92,75.000
-32.98,116.16,391.000
-33.85,116.8,271.000
-31.96,115.26,-32768.000
-32.89,116.18,250.000
-32.95,115.34,-32768.000
-31.84,115.66,-32768.000
-32.29,115.48,-32768.000
-31.03,115.8,184.000
-31.45,115.32,-32768.000
-31.78,116.06,82.000
-32.26,115.28,-32768.000
-33.64,115.3,-32768.000
-33.91,116.7,258.000
-33.01,115.86,20.000
-31.3,116.98,266.000
-32.32,115.36,-32768.000
-33.79,115.46,124.000
-32.89,116.24,306.000
-33.4,116.52,288.000
-31.21,116.5,282.000
-33.76,116.12,242.000
-31.6,116.28,245.000
-33.88,116.3,250.000
-31.54,116.56,263.000
-33.07,116.78,260.000
-33.91,116.12,253.000
-31.87,116.78,196.000
-31.78,115.3,-32768.000
-32.23,116.48,312.000
-31.84,115.12,-32768.000
-33.28,115.96,214.000
-31.84,115.56,-32768.000
-31.27,115.64,84.000
-33.76,115.16,69.000
-31.48,115.22,-32768.000
-31.96,115.02,-32768.000
-32.05,116.84,206.000
-32.29,115.94,15.000
-33.25,116.4,288.000
-32.26,115.76,9.000
-31.15,116.12,237.000
-32.65,116.24,268.000
-31.69,116.3,327.000
-32.83,115.38,-32768.000
-33.22,115.72,22.000
-31.48,115.22,-32768.000
-32.8,116.02,267.000
-31.51,116.1,249.000
-32.08,115.62,-32768.000
-32.74,116.84,290.000
-31.21,115.94,223.000
-32.83,115.18,-32768.000
-32.29,116.16,281.000
-33.19,116.92,299.000
-32.98,116.66,323.000
-32.83,116.72,343.000
-32.59,115.56,-32768.000
-31.18,116.7,218.000
-33.91,115.48,159.000
-32.2,115.66,-32768.000
-32.65,115.58,-32768.000
-31.6,115.86,71.000
-31.03,116.7,237.000
-33.52,116.26,253.000
-32.38,116.24,359.000
-33.73,116.16,277.000
-31.96,115.92,15.000
-33.88,115.98,186.000
-32.68,115.5,-32768.000
-33.79,115.62,135.000
-33.52,116.58,317.000
-33.79,115.92,310.000
-33.07,116.28,324.000
-31.36,115.02,-32768.000
-32.98,115.68,8.000
-32.11,115.96,25.000
-31.24,116.6,242.000
-32.08,115.86,30.000
-33.85,116.8,271.000
-32.44,116.6,346.000
-32.86,116.2,335.000
-33.82,116.24,266.000
-33.7,115.12,50.000
-33.07,115.2,-32768.000
-32.77,116.1,145.000
-33.01,115.76,43.000
-31.45,116.16,197.000
-33.34,115.82,49.000
-32.74,115.3,-32768.000
-32.5,115.18,-32768.000
-32.26,116.54,295.000
-32.32,115.26,-32768.000
-32.32,115.98,33.000
-32.86,115.4,-32768.000
-34,116.24,169.000
-33.37,116.82,252.000
-32.44,115.76,11.000
-32.68,115.54,-32768.000
-32.86,116.24,370.000
-33.52,116.52,272.000
-33.58,116.58,276.000
-32.89,116,321.000
-31.27,116.98,269.000
-33.58,116.18,211.000
-31.93,115.64,-32768.000
-33.73,116.28,295.000
-31.69,115.52,-32768.000
-31.75,116.3,240.000
-31.45,115.66,60.000
-31.15,115.26,-32768.000
-33.91,116.7,258.000
-33.31,115.3,-32768.000
-32.71,116.1,262.000
-33.49,116.36,254.000
-32.71,116.62,401.000
-32.2,115.66,-32768.000
-31.48,116.14,244.000
-32.32,116.94,243.000
-32.32,116.48,290.000
-33.82,116.42,204.000
-32.95,115.48,-32768.000
-32.47,115.3,-32768.000
-31.57,115.24,-32768.000
-32.65,115.5,-32768.000
-32.83,116.3,338.000
-32.5,115.78,7.000
-32.35,115.84,2.000
-31.06,116.46,259.000
-32.8,116.98,329.000
-31.63,115.28,-32768.000
-32.56,116.68,412.000
-32.77,115.78,8.000
-32.95,115.62,-32768.000
-33.85,116.94,326.000
-31.96,116.84,190.000
-33.55,115.24,-32768.000
-33.19,115.04,-32768.000
-33.58,116.34,229.000
-31.24,115.16,-32768.000
-31.81,116.2,295.000
-31,115.6,79.000
-31.81,115.46,-32768.000
-31.09,116.1,250.000
-32.41,116.4,332.000
-31.48,115.72,64.000
-33.4,115.64,26.000
-31.87,115.64,-32768.000
-32.11,116.22,326.000
-32.26,115.12,-32768.000
-31.06,116.36,235.000
-31.57,115.5,-32768.000
-33.16,115.26,-32768.000
-31.6,115.14,-32768.000
-33.52,115.86,185.000
-33.94,116.44,235.000
-33.97,116.8,306.000
-33.64,115.02,-32768.000
-32.32,116.5,337.000
-32.68,115.16,-32768.000
-32.65,115.18,-32768.000
-32.77,115.56,-32768.000
-32.2,116.3,286.000
-33.22,115.22,-32768.000
-33.46,115.44,-32768.000
-31.27,116.7,239.000
-33.7,115.3,9.000
-33.16,116.42,371.000
-31.63,115.76,84.000
-31.57,115.16,-32768.000
-31.6,116.9,298.000
-31.48,116.68,210.000
-31.45,116.64,230.000
-32.32,116.94,243.000
-33.88,115.82,241.000
-32.5,117,324.000
-33.19,116,274.000
-33.55,116.84,269.000
-33.91,116.74,259.000
-33.73,115.82,122.000
-33.25,115.42,-32768.000
-32.92,115,-32768.000
-31.84,115.72,-32768.000
-31.78,116.3,252.000
-31.81,116,30.000
-32.65,116.1,281.000
-32.86,116.04,294.000
-33.01,115.58,-32768.000
-33.25,115.46,-32768.000
-32.08,116.8,345.000
-31.33,115.6,73.000
-31.6,115.28,-32768.000
-33.85,115.32,147.000
-33.91,116.9,326.000
-32.92,115.18,-32768.000
-33.1,115.24,-32768.000
-33.61,116.24,245.000
-31.06,116.32,256.000
-33.07,116.7,284.000
-32.95,116.42,253.000
-33.22,115.06,-32768.000
-32.32,116.6,276.000
-33.73,116.28,295.000
-31.39,116.8,226.000
-31.63,115.68,28.000
-32.05,116.02,39.000
-32.05,116.36,314.000
-31.45,115.9,74.000
-32.83,116.42,361.000
-31.6,116.76,207.000
-31,116.52,282.000
-32.89,115.18,-32768.000
-31.72,115.24,-32768.000
-31.06,115.68,83.000
-33.85,115.14,105.000
-33.67,115.64,129.000
-33.67,115.62,107.000
-31.15,116.36,278.000
-32.29,115.4,-32768.000
-32.35,116.64,272.000
-33.04,115.72,4.000
-33.88,115.4,154.000
-32.05,116.94,274.000
-31.96,116.78,277.000
-31.72,115.08,-32768.000
-31.6,115.96,70.000
-32.26,116.52,316.000
-31.33,115.32,-32768.000
-32.47,115.66,-32768.000
-32.77,116.72,238.000
-33.49,116.12,266.000
-31.36,116.04,213.000
-33.43,115.58,-32768.000
-32.5,116.66,357.000
-32.08,116.54,297.000
-33.61,115.1,17.000
-33.22,116.92,347.000
-31.21,115.34,-32768.000
-33.82,116.82,285.000
-31.15,116.2,308.000
-33.76,116.64,240.000
-32.26,116.48,313.000
-31.27,116.32,324.000
-31.03,115.92,158.000
-33.04,115.82,20.000
-31.09,115.8,120.000
-31.24,116,155.000
-31.6,116.7,166.000
-31.99,115.2,-32768.000
-31.36,115.58,48.000
-32.95,115.6,-32768.000
-33.22,115,-32768.000
-33.46,116.22,185.000
-32.47,115.36,-32768.000
-31.63,115.48,-32768.000
-33.85,115.92,150.000
-33.4,116.74,329.000
-32.44,116.28,313.000
-33.7,115.2,20.000
-32.44,116.02,206.000
-31.27,115.84,75.000
-31.21,115.98,204.000
-33.01,116.66,336.000
-31.18,116.44,290.000
-33.97,117,295.000
-33.13,116.62,312.000
-31.57,115.72,54.000
-31.06,116.1,227.000
-31.78,116.98,243.000
-33.31,115.98,255.000
-31.15,116.06,211.000
-32.83,115.56,-32768.000
-31.21,115.3,-32768.000
-33.22,116.84,317.000
-32.71,115.04,-32768.000
-32.65,116.56,259.000
-33.22,115.66,-32768.000
-33.52,115.74,111.000
-33.76,116.18,227.000
-32.26,115.18,-32768.000
-31.3,115.2,-32768.000
-32.59,116.76,337.000
-32.71,116.42,307.000
-31.9,115.88,28.000
-31.21,115.34,-32768.000
-31.9,116.86,217.000
-33.37,116.76,341.000
-33.94,115.18,98.000
-34,115.26,94.000
-33.55,115.56,10.000
-33.85,115.86,128.000
-31.69,116.2,278.000
-31.06,115.64,96.000
-31.27,116.86,297.000
-33.94,115.12,121.000
-33.52,115.98,235.000
-32.89,116.86,321.000
-32.11,116.26,412.000
-33.82,116.6,256.000
-31.09,115.66,78.000
-33.22,117,289.000
-31.39,116.34,317.000
-31.72,115.94,58.000
-32.17,116.78,236.000
-33.49,116.54,273.000
-33.4,116.54,249.000
-32.89,115.46,-32768.000
-32.35,116.94,266.000
-31.3,115.68,52.000
-32.8,115.92,30.000
-31.12,116.86,308.000
-31.45,116.14,171.000
-33.43,115.64,24.000
-33.64,115.96,199.000
-31.57,115.52,-32768.000
-33.25,115.18,-32768.000
-31.72,115.14,-32768.000
-32.35,115.22,-32768.000
-34,116.04,219.000
-33.16,115.3,-32768.000
-31.24,115.36,-32768.000
-32.74,115.96,116.000
-32.65,115.58,-32768.000
-32.11,116.96,233.000
-32.71,115.7,-32768.000
-33.19,115.06,-32768.000
-32.17,115.78,27.000
-31.84,115.24,-32768.000
-32.2,116.6,285.000
-33.82,116.7,272.000
-31.18,115.82,131.000
-32.56,115.62,-32768.000
-32.71,116.4,302.000
-33.34,115.04,-32768.000
-33.46,115.88,279.000
-32.11,116,33.000
-31.03,115.2,-32768.000
-32.83,115.08,-32768.000
-33.97,115.88,313.000
-31.6,115.04,-32768.000
-33.82,115.9,186.000
-31.45,115.12,-32768.000
-33.43,116.34,225.000
-32.59,116.12,327.000
-32.8,116.6,241.000
-33.4,116.06,285.000
-31.45,115.68,56.000
-33.88,116.38,228.000
-31.84,115.56,-32768.000
-31.81,115.54,-32768.000
-31.66,116.8,221.000
-34,115.7,98.000
-32.8,116.52,274.000
-33.4,115.78,35.000
-32.74,115.84,14.000
-31.36,117,260.000
-33.82,115.98,153.000
-33.55,116.44,299.000
-33.16,115.5,-32768.000
-33.88,116.26,296.000
-33.52,116.38,247.000
-33.91,115.5,178.000
-31.18,115.02,-32768.000
-33.1,115.14,-32768.000
-32.95,116.32,243.000
-32.32,115.04,-32768.000
-32.86,115.24,-32768.000
-31.33,116.12,181.000
-31.12,116.58,296.000
-33.4,115.16,-32768.000
-33.79,115.74,132.000
-31.42,115.14,-32768.000
-31.6,115.26,-32768.000
-32.83,115.02,-32768.000
-32.05,115.14,-32768.000
-31.72,115.86,82.000
-31.96,116.62,338.000
-31.51,116.58,319.000
-31.39,116.24,295.000
-33.19,115.24,-32768.000
-33.58,115.42,-32768.000
-33.01,116.66,336.000
-32.83,116.06,381.000
-33.07,115.42,-32768.000
-33.13,115.68,-32768.000
-31.84,116.04,24.000
-32.23,115.74,-32768.000
-32.5,116.16,291.000
-32.2,115.76,-32768.000
-32.62,116.78,273.000
-33.04,115.48,-32768.000
-33.85,115.42,152.000
-34,115,30.000
-32.11,116.76,226.000
-34,116.74,333.000
-33.76,116.82,237.000
-31.81,115.3,-32768.000
-31.96,115.82,31.000
-32.11,115.24,-32768.000
-32.62,117,317.000
-32.47,116.86,344.000
-33.13,115.34,-32768.000
-31.75,115.18,-32768.000
-32.56,116.6,380.000
-31.93,115.7,-32768.000
-32.23,116.88,238.000
-33.55,115,-32768.000
-33.97,116.28,238.000
-32.44,115.3,-32768.000
-33.97,116.28,238.000
-32.38,116.04,264.000
-31.99,115.18,-32768.000
-32.47,115.54,-32768.000
-32.83,115.7,28.000
-32.98,115.28,-32768.000
-33.82,116.7,272.000
-33.94,116.7,300.000
-31.15,115.72,69.000
-33.55,116.56,277.000
-33.64,115.84,152.000
-32.92,116.7,287.000
-31.45,116.44,168.000
-32.92,116.02,355.000
-32.02,116.72,296.000
-32.5,116.76,357.000
-32.8,116.36,219.000
-31.69,115.06,-32768.000
-33.1,115.14,-32768.000
-32.71,115.56,-32768.000
-32.74,116.38,317.000
-32.38,116.54,310.000
-32.14,115.98,29.000
-31.45,116.14,171.000
-32.98,116.12,313.000
-31.03,115,-32768.000
-31.45,115.92,75.000
-33.49,115.68,33.000
-31.42,116.4,321.000
-32.35,116.06,264.000
-32.77,116.02,285.000
-33.43,115.1,-32768.000
-33.76,116.64,240.000
-31.33,116.92,271.000
-33.28,115.76,20.000
-33.79,115.64,152.000
-33.76,116.34,233.000
-33.55,116.22,256.000
-33.49,116.42,264.000
-33.22,117,289.000
-34,116.04,219.000
-31.03,115.5,104.000
-32.2,116.7,298.000
-32.38,115.32,-32768.000
-31.9,115.9,32.000
-31.09,115.18,-32768.000
-33.58,115.22,-32768.000
-31.21,115.3,-32768.000
-33.67,115.46,21.000
-32.17,116.64,291.000
-33.61,115.72,113.000
-33.94,116.38,191.000
-33.1,115.44,-32768.000
-31.21,115.34,-32768.000
-33.49,115.96,192.000
-31,115.38,85.000
-32.68,115.34,-32768.000
-33.94,116.96,346.000
-33.58,115.08,42.000
-32.5,116.14,275.000
-31.99,116.68,345.000
-31.15,115.92,200.000
-32.14,116.64,282.000
-33.88,116.76,271.000
-31.93,116.48,303.000
-33.73,116.3,282.000
-32.98,116.64,328.000
-33.88,115.22,133.000
-33.13,116.28,347.000
-33.67,116.94,247.000
-33.55,115.92,100.000
-32.08,115.22,-32768.000
-33.76,116.2,269.000
-32.05,116.34,231.000
-33.28,115.46,-32768.000
-33.82,115.28,122.000
-32.17,116.82,204.000
-31.84,115.02,-32768.000
-31.33,115.44,-32768.000
-31.12,116.52,279.000
-32.77,116.14,273.000
-32.83,115.08,-32768.000
-33.52,116.5,264.000
-32.83,115.86,26.000
-32.8,115.9,26.000
-31.24,116,155.000
-32.17,116.12,298.000
-33.52,116.12,232.000
-33.31,116.4,289.000
-31.21,116.62,271.000
-31.15,115.94,221.000
-32.89,117,387.000
-34,116.1,254.000
-31.66,115.16,-32768.000
-31.45,116.78,207.000
-32.62,116.48,367.000
-31.63,115.5,-32768.000
-34,116.72,333.000
-33.16,116.9,354.000
-32.8,115.78,5.000
-31.3,116.38,307.000
-33.28,115.64,-32768.000
-31.36,116,173.000
-33.4,115.82,109.000
-33.37,115.22,-32768.000
-32.26,115.24,-32768.000
-33.67,115.32,10.000
-31.84,116.92,237.000
-33.88,115.24,149.000
-33.97,115.98,307.000
-33.31,116.78,266.000
-33.58,115.94,177.000
-33.04,115.02,-32768.000
-31.12,115.28,-32768.000
-32.41,116.22,261.000
-33.13,115.72,16.000
-31.96,115.84,70.000
-31.21,116.08,163.000
-31.15,116.12,237.000
-31.99,115.24,-32768.000
-33.25,115.32,-32768.000
-33.01,115.48,-32768.000
-33.43,115.74,34.000
-32.53,115.08,-32768.000
-32.38,115.48,-32768.000
-33.64,116.02,298.000
-31.06,116.54,282.000
-31.63,115.52,-32768.000
-32.8,115.58,-32768.000
-31.27,116.5,255.000
-33.7,116.88,248.000
-32.92,115.4,-32768.000
-31.78,116.56,330.000
-32.98,115.58,-32768.000
-32.74,116.38,317.000
-31.42,115,-32768.000
-33.25,116.34,236.000
-33.88,115.36,142.000
-33.34,115.9,228.000
-31.93,116.08,164.000
-33.88,116.54,287.000
-32.41,116.62,361.000
-33.79,115.02,107.000
-33.07,115.62,-32768.000
-33.82,115.96,141.000
-32.74,115.44,-32768.000
-32.74,115.32,-32768.000
-31.15,116.56,270.000
-33.79,115.3,55.000
-31.45,115.56,-32768.000
-33.13,115.98,225.000
-33.52,116.4,257.000
-31.36,116.08,211.000
-31.03,115.4,96.000
-31.75,115.2,-32768.000
-31.39,116.36,371.000
-32.53,116.58,360.000
-31.57,115.8,76.000
-31.84,116.12,269.000
-33.91,115.24,128.000
-32.98,116.56,322.000
-31.18,115.9,214.000
-33.31,116.52,319.000
-31.24,116.78,223.000
-33.52,115.62,26.000
-31.6,116.54,219.000
-32.62,115.9,24.000
-31,116.92,300.000
-33.52,115.68,32.000
-32.68,116.98,304.000
-32.02,116.82,193.000
-31.9,115.6,-32768.000
-31.9,115.28,-32768.000
-31.87,116,9.000
-32.14,115.84,27.000
-33.43,116.5,245.000
-33.43,116.94,266.000
-31.84,115.26,-32768.000
-33.97,115.86,330.000
-31.78,116.28,282.000
-32.8,115.36,-32768.000
-32.11,116.08,262.000
-32.53,116.74,388.000
-33.4,116.26,217.000
-32.17,116.32,335.000
-32.32,116.28,325.000
-31.15,115.52,55.000
-32.77,115.5,-32768.000
-31.72,116.3,287.000
-33.82,115.22,99.000
-31.42,115.76,62.000
-32.98,115.5,-32768.000
-32.83,115.1,-32768.000
-32.53,115.12,-32768.000
-31.87,115.8,16.000
-32.26,115.46,-32768.000
-31.69,115.2,-32768.000
-31.09,115.42,46.000
-31.48,115.52,-32768.000
-31.24,115.34,-32768.000
-31.57,115.9,97.000
-31.84,115.96,22.000
-31.78,116.52,253.000
-32.8,115.24,-32768.000
-33.28,115.98,238.000
-31.36,115.92,193.000
-31.84,115.2,-32768.000
-33.52,115.42,-32768.000
-33.19,115.2,-32768.000
-32.47,116.3,285.000
-31.36,116.98,253.000
-33.76,115.18,47.000
-33.1,116.28,296.000
-31.27,115.1,-32768.000
-33.34,115.28,-32768.000
-32.23,116.64,298.000
-33.13,115.06,-32768.000
-31.63,115.62,-32768.000
-32.71,115.06,-32768.000
-32.41,115.38,-32768.000
-32.02,116.36,228.000
-31.63,115.8,43.000
-32.17,115.74,-32768.000
-32.56,116.9,360.000
-32.2,116.78,245.000
-31.39,117,262.000
-33.76,115.96,175.000
-33.64,116.92,256.000
-33.97,115.78,91.000
-32.41,115.04,-32768.000
-31.48,115.48,-32768.000
-33.16,115.24,-32768.000
-32.71,115.26,-32768.000
-33.49,115.12,-32768.000
-33.22,116.74,275.000
-32.35,116.4,320.000
-33.73,116.84,241.000
-33.13,115.66,-32768.000
-33.16,116.42,371.000
-32.2,116.56,287.000
-31.69,116.76,202.000
-32.92,115.94,263.000
-32.71,116.7,299.000
-33.31,115.96,281.000
-32.5,115.88,20.000
-31.96,116.54,299.000
-31.33,115.68,31.000
-32.56,116.92,359.000
-33.94,115.64,123.000
-33.46,116.3,262.000
-32.98,115.58,-32768.000
-33.4,116.48,287.000
-33.82,115.88,331.000
-33.55,116,128.000
-33.19,115.7,2.000
-33.34,116.5,322.000
-33.34,115.06,-32768.000
-31.33,116.16,276.000
-33.82,116.3,246.000
-33.76,115.22,45.000
-31.36,116.12,221.000
-31.27,116.54,273.000
-31.81,116.54,275.000
-33.76,115.76,145.000
-33.94,116.52,256.000
-33.88,115.54,134.000
-33.97,115.74,114.000
-31.54,115.48,-32768.000
-31.78,115.16,-32768.000
-32.71,116.94,289.000
-31.84,115.02,-32768.000
-33.88,116.32,281.000
-33.28,116.88,260.000
-32.26,116.86,278.000
-33.88,115.6,109.000
-31.39,116.34,317.000
-32.71,116.86,336.000
-31.93,116.54,277.000
-33.55,115.3,-32768.000
-31.27,116.56,267.000
-33.85,115.34,142.000
-32.35,116.92,335.000
-33.43,115.12,-32768.000
-33.58,115.72,169.000
-33.01,116.88,277.000
-31.15,116.16,302.000
-33.31,115.08,-32768.000
-31.06,117,303.000
-31.21,115.94,223.000
-31.66,116.12,91.000
-33.34,116.94,259.000
-31.33,116.28,307.000
-32.77,116.3,342.000
-31.57,116.16,236.000
-32.92,116.12,368.000
-31.78,116.44,304.000
-31.99,115.84,1.000
-32.53,115.58,-32768.000
-32.02,116.74,332.000
-31.57,116.28,110.000
-33.37,116.98,330.000
-33.94,116.52,256.000
-31.75,115.9,71.000
-31.24,115,-32768.000
-32.32,116.34,304.000
-32.08,116.4,260.000
-32.98,116.56,322.000
-32.71,116.06,273.000
-33.67,116.5,212.000
-33.07,115.46,-32768.000
-31.12,115.94,200.000
-31.33,115.08,-32768.000
-32.98,116.24,301.000
-32.53,115.76,10.000
-33.97,117,295.000
-31.06,115.58,65.000
-33.88,115.44,173.000
-31.99,115,-32768.000
-34,116.6,294.000
-32.62,116.18,307.000
-33.13,116.12,262.000
-32.98,115.2,-32768.000
-32.11,116.26,412.000
-32.86,116.54,278.000
-34,116.48,203.000
-33.4,116.38,297.000
-31.78,116.92,205.000
-32.26,115.18,-32768.000
-32.59,115.14,-32768.000
-33.79,115.12,94.000
-32.92,115.98,315.000
-31.87,115.08,-32768.000
-33.88,115.8,274.000
-33.43,115.76,44.000
-31.06,115.1,-32768.000
-32.17,116.32,335.000
-31.72,115.52,-32768.000
-31.33,116.92,271.000
-31.84,115.76,20.000
-33.64,115.54,41.000
-31.12,116.46,260.000
-31.96,115.64,-32768.000
-32.74,116.4,303.000
-31.66,115.52,-32768.000
-33.01,116.8,363.000
-32.86,116.7,272.000
-31.33,116.38,302.000
-33.73,115.18,34.000
-32.56,116.88,351.000
-31.03,115.58,79.000
-31.15,115.9,196.000
-31.84,116.2,298.000
-32.35,116.42,349.000
-33.73,116.22,252.000
-31.36,115.54,44.000
-31,115.42,119.000
-32.38,116.68,261.000
-32.41,116.36,303.000
-31.15,116.94,295.000
-31.42,115.6,65.000
-33.55,115.54,8.000
-31.09,115.48,39.000
-32.98,115.08,-32768.000
-31.03,115.1,-32768.000
-32.95,116.64,325.000
-33.19,116.94,307.000
-32.29,115.6,-32768.000
-34,116.98,332.000
-32.23,115.24,-32768.000
-32.8,115.18,-32768.000
-33.07,115.94,123.000
-33.1,115.8,19.000
-33.79,116.7,265.000
-31.57,116.66,185.000
-33.61,115.02,-32768.000
-33.13,116.34,292.000
-31.27,115.56,58.000
-33.01,115.5,-32768.000
-33.07,115.5,-32768.000
-33.79,115.62,135.000
-33.16,116.32,285.000
-31.12,115.68,74.000
-33.01,116.72,354.000
-31.06,116.94,294.000
-33.82,116.86,298.000
-32.83,115.76,3.000
-31.66,115.74,65.000
-33.34,116.38,275.000
-32.44,116.72,355.000
-31.36,115.04,-32768.000
-31.93,116.32,262.000
-31.15,115.32,-32768.000
-32.74,116.2,350.000
-31.42,115.54,-32768.000
-32.26,116.48,313.000
-32.83,116.86,265.000
-33.22,116.74,275.000
-31.84,115.7,-32768.000
-33.07,116.18,310.000
-32.44,116.4,313.000
-33.79,115.74,132.000
-31.75,116.82,203.000
-32.2,116.72,265.000
-31.87,116.94,325.000
-31,115.24,-32768.000
-31.66,116.18,70.000
-31.72,116.36,381.000
-33.16,116.46,355.000
-31,115.34,9.000
-31.27,115.26,-32768.000
-33.85,116.16,306.000
-32.68,115.6,-32768.000
-32.02,115.64,-32768.000
-31.24,115.32,-32768.000
-31.42,116.94,255.000
-32.98,115.86,23.000
-32.98,116.86,308.000
-31.63,115.18,-32768.000
-33.85,116.9,321.000
-33.82,115.98,153.000
-33.76,115.08,100.000
-31.81,116.7,243.000
-32.29,116.68,272.000
-34,115.02,65.000
-33.55,116.12,242.000
-33.58,116.84,241.000
-33.34,115.4,-32768.000
-32.41,116.16,289.000
-31.75,116.76,197.000
-31.45,115.88,74.000
-31.36,116.2,293.000
-32.41,115.38,-32768.000
-33.16,115.42,-32768.000
-33.55,115.62,37.000
-31.57,115.68,40.000
-32.86,115.44,-32768.000
-33.82,116.78,271.000
-31.84,115.22,-32768.000
-33.64,116.26,261.000
-33.43,116.46,251.000
-32.05,115.54,-32768.000
-32.56,115.66,-32768.000
-31.24,116.74,210.000
-31.75,115.02,-32768.000
-32.65,116.32,311.000
-33.25,116.18,275.000
-31.66,115.66,-32768.000
-32.35,116.58,268.000
-33.73,115.12,69.000
-32.8,116.42,205.000
-31.21,116.82,257.000
-31.6,116.58,236.000
-31.3,116.98,266.000
-32.14,116.02,80.000
-33.28,115.02,-32768.000
-33.13,116.62,312.000
-33.61,116.8,229.000
-31.69,116.56,318.000
-31.63,115.1,-32768.000
-31.87,116.02,17.000
-33.7,115.48,33.000
-32.29,116.94,240.000
-31.75,116.78,183.000
-31.15,115.22,-32768.000
-31.54,116.7,181.000
-31.75,115.7,-32768.000
-33.61,116.5,235.000
-31.78,116.08,255.000
-33.85,115.04,115.000
-33.88,115.7,158.000
-33.55,115.6,24.000
-33.4,115.68,29.000
-33.67,115.58,53.000
-32.98,116.94,349.000
-32.56,116.8,340.000
-33.58,115.1,-32768.000
-33.97,116.16,203.000
-32.59,116.42,306.000
-31.51,116.54,276.000
-32.17,115.84,27.000
-31.69,116.3,327.000
-32.83,115.72,21.000
-31.27,116.8,225.000
-31.21,115.24,-32768.000
-32.59,116.94,327.000
-33.22,116.94,292.000
-33.1,116.26,342.000
-31.21,115.92,233.000
-32.71,115.84,12.000
-33.04,115.54,-32768.000
-33.04,116.82,342.000
-32.53,115.92,26.000
-33.49,115.68,33.000
-33.67,116.92,241.000
-32.86,117,362.000
-32.05,116.44,264.000
-33.76,115.28,32.000
-33.88,115.06,103.000
-33.52,116.98,277.000
-31.15,116.94,295.000
-31.18,116.28,365.000
-33.22,115.42,-32768.000
-31.96,115.48,-32768.000
-32.02,115.38,-32768.000
-32.62,115.2,-32768.000
-33.97,116.96,274.000
-32.71,116.58,366.000
-33.64,116.02,298.000
-32.59,116.2,307.000
-32.2,115.46,-32768.000
-31.12,116.7,222.000
-31,115.48,78.000
-33.16,115.08,-32768.000
-33.91,115.06,115.000
-34,115.88,331.000
-33.76,116.96,255.000
-33.43,116.9,285.000
-33.46,115.68,31.000
-32.38,116.76,314.000
-31.03,116.68,270.000
-31.54,115,-32768.000
-31.63,115,-32768.000
-32.47,115.48,-32768.000
-31.45,116.84,242.000
-33.55,116.96,243.000
-31.54,115.9,77.000
-31.9,115.22,-32768.000
-33.55,116.62,307.000
-31.45,116.98,238.000
-32.74,115.36,-32768.000
-33.52,116.7,288.000
-31.63,116,38.000
-31.45,115.72,69.000
-33.31,116.96,267.000
-31.54,115.78,69.000
-32.83,115.42,-32768.000
-33.37,116.26,220.000
-31.36,115.34,-32768.000
-33.76,116.44,252.000
-31.9,116.46,312.000
-33.49,115.48,-32768.000
-32.95,116.02,361.000
-33.04,116.76,359.000
-31.42,116,154.000
-31.96,115.32,-32768.000
-33.97,115.56,130.000
-31.63,116.7,157.000
-33.4,116.62,318.000
-31.66,116.26,308.000
-33.94,115.86,272.000
-32.05,116.18,324.000
-33.34,115.82,49.000
-32.23,116.74,309.000
-32.23,115.18,-32768.000
-31.54,116.36,304.000
-31.24,115.56,45.000
-31.63,117,199.000
-31.39,115.52,-32768.000
-31.69,115.2,-32768.000
-33.19,116.44,281.000
-31,115.88,149.000
-33.16,115.56,-32768.000
-33.76,116.56,286.000
-32.77,115.96,143.000
-31.24,116.74,210.000
-32.62,115.86,11.000
-31.45,116.12,250.000
-32.74,116.36,330.000
-31.69,115.86,59.000
-33.7,115,125.000
-33.13,116.16,327.000
-32.26,115.04,-32768.000
-33.16,115.14,-32768.000
-33.46,115.88,279.000
-33.52,115.08,-32768.000
-32.53,115.92,26.000
-31.78,115.3,-32768.000
-31.18,116.56,260.000
-33.22,116.66,317.000
-31.93,115.7,-32768.000
-31.63,115.34,-32768.000
-31.78,115.28,-32768.000
-31.54,116.26,185.000
-33.82,115.32,96.000
-33.52,116.18,272.000
-33.49,115.34,-32768.000
-33.43,115.92,297.000
-32.41,116.5,386.000
-33.46,115.94,268.000
-32.44,116.44,313.000
-33.49,115.68,33.000
-32.5,115.02,-32768.000
-31.63,116.84,225.000
-31.78,115.88,52.000
-31.63,115.1,-32768.000
-33.31,115.86,177.000
-32.26,116.14,371.000
-33.4,116.94,286.000
-33.64,115.78,87.000
-31.03,115.54,58.000
-32.68,115.58,-32768.000
-31.75,115.3,-32768.000
-31.27,116.26,308.000
-33.73,115.56,166.000
-34,115.16,117.000
-32.71,116.24,295.000
-32.11,115.36,-32768.000
-33.73,116.88,282.000
-32.89,115.84,19.000
-32.59,116.68,371.000
-33.22,115.32,-32768.000
-31.78,116.4,281.000
-31.99,116.68,345.000
-33.31,116.88,305.000
-33.4,116.58,263.000
-33.76,115.44,70.000
-32.89,116.28,324.000
-33.19,116.68,313.000
-33.67,115.54,37.000
-32.92,115.74,52.000
-31.03,115.22,-32768.000
-33.1,116.6,363.000
-31.81,116.24,224.000
-33.91,115.78,183.000
-33.34,115.2,-32768.000
-33.22,116.02,219.000
-33.37,115.98,238.000
-33.01,117,296.000
-31.18,116.78,251.000
-31.96,116.14,246.000
-31.63,115.28,-32768.000
-31.63,116.52,221.000
-32.23,115.32,-32768.000
-32.68,115.1,-32768.000
-32.74,116.42,301.000
-31.51,116.62,202.000
-32.2,115.82,31.000
-33.94,115.24,106.000
-32.47,115.66,-32768.000
-32.68,115.12,-32768.000
-32.26,116.48,313.000
-33.31,116.42,346.000
-31.87,116.58,305.000
-31.99,116.14,306.000
-33.61,116.28,246.000
-31.63,115.7,48.000
-33.7,116.86,242.000
-33.76,116.16,243.000
-32.11,116.4,308.000
-32.8,116.04,360.000
-33.04,115.1,-32768.000
-32.62,115.46,-32768.000
-32.95,116.86,325.000
-33.22,115.98,288.000
-32.35,116.74,339.000
-32.17,116.4,275.000
-32.8,115.24,-32768.000
-31.24,116.68,228.000
-32.8,115.2,-32768.000
-31.75,116.18,243.000
-31.18,116.08,221.000
-32.62,116.08,302.000
-33.67,115.08,133.000
-31.78,116.1,293.000
-33.79,116.48,221.000
-31.6,115.28,-32768.000
-32.89,115.8,12.000
-33.04,115.5,-32768.000
-31.78,116.44,304.000
-32.23,116.16,246.000
-33.16,115.58,-32768.000
-32.74,115.38,-32768.000
-33.91,116.36,252.000
-31.63,115.68,28.000
-31.21,115.88,221.000
-31.06,116.08,239.000
-33.79,116.74,306.000
-31.27,115.88,228.000
-31,115.36,50.000
-31.21,116.3,354.000
-31.6,115.12,-32768.000
-32.62,116.44,347.000
-31.06,115.32,-32768.000
-31.33,116.58,249.000
-32.89,116.44,338.000
-34,115.94,316.000
-31.99,116.3,204.000
-33.01,115.86,20.000
-31.69,116.4,348.000
-33.58,115.24,-32768.000
-32.02,116.38,265.000
-32.32,115.22,-32768.000
-32.32,116.46,357.000
-31.24,115.94,194.000
-33.67,116.1,287.000
-32.17,116.68,294.000
-32.32,116.82,257.000
-33.79,115.14,100.000
-31.42,116.06,170.000
-33.28,116.94,287.000
-32.71,115.44,-32768.000
-31.36,115.5,-32768.000
-31.96,115.2,-32768.000
-31.57,115.4,-32768.000
-33.04,115.88,29.000
-33.61,116.9,240.000
-33.82,116.96,288.000
-31.87,116.4,317.000
-33.52,116.24,258.000
-33.49,116.24,217.000
-32.62,115.56,-32768.000
-33.43,116.58,322.000
-31.42,115.02,-32768.000
-32.38,115.52,-32768.000
-33.34,116.44,308.000
-31.18,116.58,251.000
-33.91,116.32,262.000
-31.69,116.62,283.000
-33.97,116.44,223.000
-33.55,116.14,145.000
-32.47,115.66,-32768.000
-33.07,115.58,-32768.000
-31.03,116.14,227.000
-33.43,115.04,-32768.000
-32.05,115.3,-32768.000
-32.71,115.72,-1.000
-33.58,115.2,-32768.000
-33.67,116.24,284.000
-31.33,115,-32768.000
-31.84,116.32,266.000
-32.68,115.22,-32768.000
-31.66,116.32,403.000
-32.59,115.96,38.000
-33.43,116.08,314.000
-33.7,115.96,282.000
-31.54,115.7,42.000
-32.05,116.24,240.000
-33.46,115.26,-32768.000
-33.55,116.28,233.000
-31.63,115.74,40.000
-31.78,116.6,241.000
-31.3,115.42,-32768.000
-31.48,116.78,206.000
-31.33,115.02,-32768.000
-31.99,116.44,303.000
-31.48,116.22,332.000
-33.22,115.22,-32768.000
-32.2,116.22,273.000
-33.58,116.48,271.000
-33.37,116.6,266.000
-33.58,115.5,23.000
-31.39,115.06,-32768.000
-33.52,116.6,315.000
-32.71,115.1,-32768.000
-32.74,115.62,17.000
-33.7,115.42,22.000
-32.74,115.32,-32768.000
-33.88,115,165.000
-33.97,115.52,148.000
-31.06,116.88,277.000
-32.38,116.38,349.000
-31.6,116.62,221.000
-32.74,116.62,309.000
-32.35,115.78,0.000
-33.46,116.12,277.000
-31.57,116.52,146.000
-31.63,115.66,-32768.000
-33.61,116.36,246.000
-31.81,116.92,222.000
-33.22,116.12,252.000
-31.66,115.3,-32768.000
-33.07,115.74,6.000
-32.89,115.4,-32768.000
-32.62,115.7,-32768.000
-33.13,115.78,19.000
-33.79,115.88,279.000
-33.28,116.68,286.000
-32.08,116.76,250.000
-33.19,116.32,299.000
-33.34,115.36,-32768.000
-31.15,115.92,200.000
-31.6,115.06,-32768.000
-31.87,116.48,308.000
-31.93,116.86,206.000
-32.56,115.86,8.000
-32.26,116.92,257.000
-33.04,115.5,-32768.000
-32.65,116.78,274.000
-33.28,116.4,288.000
-33.73,116.84,241.000
-32.95,116.06,307.000
-32.89,115.34,-32768.000
-33.85,116.2,261.000
-33.25,115.02,-32768.000
-33.43,115.64,24.000
-31.63,115.96,66.000
-32.47,115.28,-32768.000
-31.33,116.16,276.000
-32.5,115.42,-32768.000
-32.05,116.16,328.000
-32.41,116.98,320.000
-33.28,115.44,-32768.000
-33.67,116.72,232.000
-32.32,116.4,373.000
-32.17,115.72,-32768.000
-31.3,116.3,338.000
-31.54,116.92,258.000
-32.35,115.52,-32768.000
-33.19,116.76,331.000
-33.43,116.62,306.000
-33.16,115.94,219.000
-32.17,116.96,203.000
-32.32,116.6,276.000
-33.97,116,275.000
-33.79,115.1,128.000
-33.88,116.32,281.000
-31.33,116.2,257.000
-32.62,115.56,-32768.000
-31.06,117,303.000
-32.95,115.02,-32768.000
-32.02,116.16,343.000
-32.41,115.48,-32768.000
-32.47,115.96,36.000
-32.92,115.16,-32768.000
-31.33,116.56,236.000
-33.28,116.1,287.000
-32.41,115.34,-32768.000
-31.09,116.72,228.000
-32.95,115.16,-32768.000
-33.58,116.96,238.000
-32.08,115.84,24.000
-33.94,115.36,158.000
-32.59,116.04,290.000
-32.44,115.96,41.000
-32.53,115.88,21.000
-33.94,116.74,311.000
-33.67,115.3,12.000
-32.08,116.12,326.000
-32.08,116.24,367.000
-32.8,117,321.000
-32.35,116.04,259.000
-31.93,116.28,233.000
-32.53,115.16,-32768.000
-33.49,116.32,265.000
-32.11,116.7,266.000
-33.22,115.62,-32768.000
-32.5,115.52,-32768.000
-31.63,115.58,-32768.000
-31.69,116.94,241.000
-32.77,115.6,-32768.000
-33.52,115.52,2.000
