<metadata xml:lang="en"><Esri><CreaDate>20150629</CreaDate><CreaTime>09235600</CreaTime><ArcGISFormat>1.0</ArcGISFormat><ArcGISstyle>ANZLIC</ArcGISstyle><SyncOnce>FALSE</SyncOnce><DataProperties><itemProps><itemName Sync="TRUE">slip_lpsrcodes</itemName><imsContentType Sync="TRUE">002</imsContentType><itemLocation><linkage Sync="TRUE">file://\\gissvr\pla2_MaGS\DataUpdates\ProcessingFolder\SLIP_exports\slip_lpsrcodes.shp</linkage><protocol Sync="TRUE">Local Area Network</protocol></itemLocation><itemSize Sync="TRUE">0.000</itemSize></itemProps><coordRef><type Sync="TRUE">Geographic</type><geogcsn Sync="TRUE">GCS_GDA_1994</geogcsn><csUnits Sync="TRUE">Angular Unit: Degree (0.017453)</csUnits><peXml Sync="TRUE">&lt;GeographicCoordinateSystem xsi:type='typens:GeographicCoordinateSystem' xmlns:xsi='http://www.w3.org/2001/XMLSchema-instance' xmlns:xs='http://www.w3.org/2001/XMLSchema' xmlns:typens='http://www.esri.com/schemas/ArcGIS/10.1'&gt;&lt;WKT&gt;GEOGCS[&amp;quot;GCS_GDA_1994&amp;quot;,DATUM[&amp;quot;D_GDA_1994&amp;quot;,SPHEROID[&amp;quot;GRS_1980&amp;quot;,6378137.0,298.257222101]],PRIMEM[&amp;quot;Greenwich&amp;quot;,0.0],UNIT[&amp;quot;Degree&amp;quot;,0.0174532925199433],METADATA[&amp;quot;Australia&amp;quot;,109.23,-47.19,163.19,-8.88,0.0,0.0174532925199433,0.0,1036],AUTHORITY[&amp;quot;EPSG&amp;quot;,4283]]&lt;/WKT&gt;&lt;XOrigin&gt;-400&lt;/XOrigin&gt;&lt;YOrigin&gt;-400&lt;/YOrigin&gt;&lt;XYScale&gt;11258999068426.238&lt;/XYScale&gt;&lt;ZOrigin&gt;-100000&lt;/ZOrigin&gt;&lt;ZScale&gt;10000&lt;/ZScale&gt;&lt;MOrigin&gt;-100000&lt;/MOrigin&gt;&lt;MScale&gt;10000&lt;/MScale&gt;&lt;XYTolerance&gt;8.9831528411952133e-009&lt;/XYTolerance&gt;&lt;ZTolerance&gt;0.001&lt;/ZTolerance&gt;&lt;MTolerance&gt;0.001&lt;/MTolerance&gt;&lt;HighPrecision&gt;true&lt;/HighPrecision&gt;&lt;LeftLongitude&gt;-180&lt;/LeftLongitude&gt;&lt;WKID&gt;4283&lt;/WKID&gt;&lt;LatestWKID&gt;4283&lt;/LatestWKID&gt;&lt;/GeographicCoordinateSystem&gt;</peXml></coordRef><lineage><Process ToolSource="c:\program files (x86)\arcgis\desktop10.2\ArcToolbox\Toolboxes\Data Management Tools.tbx\CopyFeatures" Date="20150629" Time="092410">CopyFeatures //gissvr/pla2_MaGS/DatabaseConnections/ReadOnly\ldopsde_intdataRO_PROD.sde\INTDATA.LPS_RCODESPL_SV \\gissvr\pla2_MaGS\DataUpdates\ProcessingFolder\SLIP_exports\slipexport.gdb\slip_lpsrcodes # 0 0 0</Process><Process ToolSource="c:\program files (x86)\arcgis\desktop10.2\ArcToolbox\Toolboxes\Data Management Tools.tbx\DeleteField" Date="20150629" Time="092425">DeleteField \\gissvr\pla2_MaGS\DataUpdates\ProcessingFolder\SLIP_exports\slipexport.gdb\slip_lpsrcodes version_no</Process><Process ToolSource="c:\program files (x86)\arcgis\desktop10.2\ArcToolbox\Toolboxes\Data Management Tools.tbx\DeleteField" Date="20150629" Time="092433">DeleteField \\gissvr\pla2_MaGS\DataUpdates\ProcessingFolder\SLIP_exports\slipexport.gdb\slip_lpsrcodes lga</Process><Process ToolSource="c:\program files (x86)\arcgis\desktop10.2\ArcToolbox\Toolboxes\Data Management Tools.tbx\DeleteField" Date="20150629" Time="092442">DeleteField \\gissvr\pla2_MaGS\DataUpdates\ProcessingFolder\SLIP_exports\slipexport.gdb\slip_lpsrcodes amendment_number</Process><Process ToolSource="c:\program files (x86)\arcgis\desktop10.2\ArcToolbox\Toolboxes\Conversion Tools.tbx\FeatureClassToFeatureClass" Date="20150629" Time="092502">FeatureClassToFeatureClass \\gissvr\pla2_MaGS\DataUpdates\ProcessingFolder\SLIP_exports\slipexport.gdb\slip_lpsrcodes \\gissvr\pla2_MaGS\DataUpdates\ProcessingFolder\SLIP_exports slip_lpsrcodes.shp # "rcode_no "rcode_no" true true false 13 Text 0 0 ,First,#,\\gissvr\pla2_MaGS\DataUpdates\ProcessingFolder\SLIP_exports\slipexport.gdb\slip_lpsrcodes,rcode_no,-1,-1;lpscheme_i "lpscheme_id" true true false 75 Text 0 0 ,First,#,\\gissvr\pla2_MaGS\DataUpdates\ProcessingFolder\SLIP_exports\slipexport.gdb\slip_lpsrcodes,lpscheme_id,-1,-1;gazettal_d "gazettal_date" true true false 8 Date 0 0 ,First,#,\\gissvr\pla2_MaGS\DataUpdates\ProcessingFolder\SLIP_exports\slipexport.gdb\slip_lpsrcodes,gazettal_date,-1,-1;scheme_nam "scheme_name" true true false 100 Text 0 0 ,First,#,\\gissvr\pla2_MaGS\DataUpdates\ProcessingFolder\SLIP_exports\slipexport.gdb\slip_lpsrcodes,scheme_name,-1,-1;scheme_no "scheme_no" true true false 10 Text 0 0 ,First,#,\\gissvr\pla2_MaGS\DataUpdates\ProcessingFolder\SLIP_exports\slipexport.gdb\slip_lpsrcodes,scheme_no,-1,-1;shape_Leng "shape_Leng" false true true 8 Double 0 0 ,First,#,\\gissvr\pla2_MaGS\DataUpdates\ProcessingFolder\SLIP_exports\slipexport.gdb\slip_lpsrcodes,shape_Length,-1,-1;shape_Area "shape_Area" false true true 8 Double 0 0 ,First,#,\\gissvr\pla2_MaGS\DataUpdates\ProcessingFolder\SLIP_exports\slipexport.gdb\slip_lpsrcodes,shape_Area,-1,-1" #</Process></lineage></DataProperties><SyncDate>20150629</SyncDate><SyncTime>09245600</SyncTime><ModDate>20150629</ModDate><ModTime>09245600</ModTime></Esri><dataIdInfo><envirDesc Sync="TRUE">Microsoft Windows 7 Version 6.1 (Build 7601) Service Pack 1; Esri ArcGIS 10.2.0.3348</envirDesc><dataLang><languageCode value="eng" Sync="TRUE"></languageCode><countryCode value="AUS" Sync="TRUE"></countryCode></dataLang><idCitation><resTitle Sync="TRUE">slip_lpsrcodes</resTitle><presForm><PresFormCd value="005" Sync="TRUE"></PresFormCd></presForm></idCitation><spatRpType><SpatRepTypCd value="001" Sync="TRUE"></SpatRepTypCd></spatRpType></dataIdInfo><mdLang><languageCode value="eng" Sync="TRUE"></languageCode><countryCode value="AUS" Sync="TRUE"></countryCode></mdLang><distInfo><distFormat><formatName Sync="TRUE">Shapefile</formatName></distFormat><distTranOps><transSize Sync="TRUE">0.000</transSize></distTranOps></distInfo><mdHrLv><ScopeCd value="005" Sync="TRUE"></ScopeCd></mdHrLv><mdHrLvName Sync="TRUE">dataset</mdHrLvName><refSysInfo><RefSystem><refSysID><identCode code="4283" Sync="TRUE"></identCode><idCodeSpace Sync="TRUE">EPSG</idCodeSpace><idVersion Sync="TRUE">8.1.1</idVersion></refSysID></RefSystem></refSysInfo><spatRepInfo><VectSpatRep><geometObjs Name="slip_lpsrcodes"><geoObjTyp><GeoObjTypCd value="002" Sync="TRUE"></GeoObjTypCd></geoObjTyp><geoObjCnt Sync="TRUE">0</geoObjCnt></geometObjs><topLvl><TopoLevCd value="001" Sync="TRUE"></TopoLevCd></topLvl></VectSpatRep></spatRepInfo><spdoinfo><ptvctinf><esriterm Name="slip_lpsrcodes"><efeatyp Sync="TRUE">Simple</efeatyp><efeageom code="4" Sync="TRUE"></efeageom><esritopo Sync="TRUE">FALSE</esritopo><efeacnt Sync="TRUE">0</efeacnt><spindex Sync="TRUE">FALSE</spindex><linrefer Sync="TRUE">FALSE</linrefer></esriterm></ptvctinf></spdoinfo><eainfo><detailed Name="slip_lpsrcodes"><enttyp><enttypl Sync="TRUE">slip_lpsrcodes</enttypl><enttypt Sync="TRUE">Feature Class</enttypt><enttypc Sync="TRUE">0</enttypc></enttyp><attr><attrlabl Sync="TRUE">FID</attrlabl><attalias Sync="TRUE">FID</attalias><attrtype Sync="TRUE">OID</attrtype><attwidth Sync="TRUE">4</attwidth><atprecis Sync="TRUE">0</atprecis><attscale Sync="TRUE">0</attscale><attrdef Sync="TRUE">Internal feature number.</attrdef><attrdefs Sync="TRUE">Esri</attrdefs><attrdomv><udom Sync="TRUE">Sequential unique whole numbers that are automatically generated.</udom></attrdomv></attr><attr><attrlabl Sync="TRUE">shape</attrlabl><attalias Sync="TRUE">Shape</attalias><attrtype Sync="TRUE">Geometry</attrtype><attwidth Sync="TRUE">0</attwidth><atprecis Sync="TRUE">0</atprecis><attscale Sync="TRUE">0</attscale><attrdef Sync="TRUE">Feature geometry.</attrdef><attrdefs Sync="TRUE">Esri</attrdefs><attrdomv><udom Sync="TRUE">Coordinates defining the features.</udom></attrdomv></attr><attr><attrlabl Sync="TRUE">rcode_no</attrlabl><attalias Sync="TRUE">rcode_no</attalias><attrtype Sync="TRUE">String</attrtype><attwidth Sync="TRUE">13</attwidth><atprecis Sync="TRUE">0</atprecis><attscale Sync="TRUE">0</attscale></attr><attr><attrlabl Sync="TRUE">lpscheme_i</attrlabl><attalias Sync="TRUE">lpscheme_i</attalias><attrtype Sync="TRUE">String</attrtype><attwidth Sync="TRUE">75</attwidth><atprecis Sync="TRUE">0</atprecis><attscale Sync="TRUE">0</attscale></attr><attr><attrlabl Sync="TRUE">gazettal_d</attrlabl><attalias Sync="TRUE">gazettal_d</attalias><attrtype Sync="TRUE">Date</attrtype><attwidth Sync="TRUE">8</attwidth><atprecis Sync="TRUE">0</atprecis><attscale Sync="TRUE">0</attscale></attr><attr><attrlabl Sync="TRUE">scheme_nam</attrlabl><attalias Sync="TRUE">scheme_nam</attalias><attrtype Sync="TRUE">String</attrtype><attwidth Sync="TRUE">100</attwidth><atprecis Sync="TRUE">0</atprecis><attscale Sync="TRUE">0</attscale></attr><attr><attrlabl Sync="TRUE">scheme_no</attrlabl><attalias Sync="TRUE">scheme_no</attalias><attrtype Sync="TRUE">String</attrtype><attwidth Sync="TRUE">10</attwidth><atprecis Sync="TRUE">0</atprecis><attscale Sync="TRUE">0</attscale></attr><attr><attrlabl Sync="TRUE">shape_Leng</attrlabl><attalias Sync="TRUE">shape_Leng</attalias><attrtype Sync="TRUE">Double</attrtype><attwidth Sync="TRUE">19</attwidth><atprecis Sync="TRUE">0</atprecis><attscale Sync="TRUE">0</attscale></attr><attr><attrlabl Sync="TRUE">shape_Area</attrlabl><attalias Sync="TRUE">shape_Area</attalias><attrtype Sync="TRUE">Double</attrtype><attwidth Sync="TRUE">19</attwidth><atprecis Sync="TRUE">0</atprecis><attscale Sync="TRUE">0</attscale><attrdef Sync="TRUE">Area of feature in internal units squared.</attrdef><attrdefs Sync="TRUE">Esri</attrdefs><attrdomv><udom Sync="TRUE">Positive real numbers that are automatically generated.</udom></attrdomv></attr></detailed></eainfo><mdDateSt Sync="TRUE">20150629</mdDateSt></metadata>
